{
  "p_mean": -3.2985429498921803e-08,
  "p_std": 0.0001302084856433794,
  "s_mean": 1.5391449237085048e-13,
  "s_std": 0.0010006821248680353
}